demo, video
2405-018, https://www.youtube.com/watch?v=Jy2NF9sVGQY
ak01-033, https://www.youtube.com/watch?v=PCezR5b2Mgk
ak02-119, https://www.youtube.com/watch?v=H4syqfb_rJU
th19-041, https://www.youtube.com/watch?v=QkNuDGTP4IE
d3l7m248, https://www.youtube.com/watch?v=jm1qYA5xSw4
df30m029, https://www.youtube.com/watch?v=4DEFv2Q00Ug
et21m515, https://www.youtube.com/watch?v=vH-8uwaD2L8
hph04-053, https://www.youtube.com/watch?v=9K4y0ysKhA0
hr29m1013, https://www.youtube.com/watch?v=Pe9XSisV8UU
h232s2m549, https://www.youtube.com/watch?v=vJim1KtW5QM
ic22p019, https://www.youtube.com/watch?v=oiZcJ1dQfzY
mw05-022, https://www.youtube.com/watch?v=kxxZuipCzAw
mw11-032, https://www.youtube.com/watch?v=MI8K-xjxz28
mw16-032, https://www.youtube.com/watch?v=wf8qRbRmIbk
mw21-215, https://www.youtube.com/watch?v=e42f-J61gww
mw32-029, https://www.youtube.com/watch?v=SXUPkIo4GQM
nr04p041, https://www.youtube.com/watch?v=y4jdOXJa_Us
nr04s-103, https://www.youtube.com/watch?v=if4cuEreSUE
nr06n032, https://www.youtube.com/watch?v=aPKUU9cup54
nr09-027, https://www.youtube.com/watch?v=BWihYfJ3pjA
n301p102, https://www.youtube.com/watch?v=yHw4l5BL3qs
n332n030, https://www.youtube.com/watch?v=UjhSHxkY8VU
pw14s027, https://www.youtube.com/watch?v=vHQYwMiY75M
pw15p018, https://www.youtube.com/watch?v=0dU1SybixiU
rb01p015, https://www.youtube.com/watch?v=0CKXUEDoM6Y
rb11m237, https://www.youtube.com/watch?v=oEaSns_lVw0
sac01p053, https://www.youtube.com/watch?v=BZ5ootiaktE
s201n024, https://www.youtube.com/watch?v=IzayGbEtI3U
s210-052, https://www.youtube.com/watch?v=pOruutXdUnM
s213-048, https://www.youtube.com/watch?v=_zHadbL4jHY
s219p028, https://www.youtube.com/watch?v=u7tN9BrH2N0
s227p138, https://www.youtube.com/watch?v=JyMS_igtuNo
st17-150, https://www.youtube.com/watch?v=K8Z4t9xpeOY
st20p038, https://www.youtube.com/watch?v=SImaTy4ur_s
st22-044, https://www.youtube.com/watch?v=tp5tTAsgiek
st31-028, https://www.youtube.com/watch?v=i6q2gxUT_iU
st32-108, https://www.youtube.com/watch?v=BHCgj2I5cIY
vf03-120, https://www.youtube.com/watch?v=Snp2JX9UVAM
vf09-147, https://www.youtube.com/watch?v=Kx1xT6yvH3A